file,run_1,avg
your combination choice,0.874792899408284,0.874792899408284
